assetId,title,sourceURL,owner,licence,accessLevel,attribution,consentStatus,allowedUses
ncpor-rep-43isea,43rd Indian Scientific Expedition to Antarctica Scientific Report,https://data.ncpor.res.in/PolarDirectory/home,NCPOR / MoES,NCPOR Open Research Data Licence,public,Courtesy National Centre for Polar and Ocean Research (MoES),verified,academic-outreach-educational
ncpor-ds-maitri-met,Maitri Station Decadal Surface Meteorology Observation Dataset,https://npdc.ncpor.res.in/npdc/homepage.action,NPDC / IMD,CC-BY-4.0,public,National Polar Data Centre & India Meteorological Department,verified,open-scientific-analysis
ncpor-cr-so-12,12th Southern Ocean Expedition Cruise Summary and Hydrographic Report,https://npdc.ncpor.res.in/npdc/cruiseSummary.jsp,NCPOR,NCPOR Open Research Data Licence,public,NCPOR Southern Ocean Programme,verified,citation-required-research
ncpor-img-bharati-aurora,Aurora Australis over Bharati Station Larsemann Hills,https://data.ncpor.res.in/,NCPOR Expedition Member Team,CC-BY-SA-4.0,public,Photo by 43rd ISEA Winter Team / NCPOR,contributor-consent-signed,outreach-media-educational
ncpor-img-himadri-fjord,Atmospheric Aerosol Sampling at Ny-Alesund Himadri Station,https://ncpor.res.in/,Himadri Field Scientist,CC-BY-4.0,public,Arctic Research Division NCPOR,contributor-consent-signed,educational-press
ncpor-vid-chandra-himansh,Chandra Basin Glacier Dynamics Himansh High Altitude Research,https://ncpor.res.in/,Himansh Research Team,CC-BY-NC-4.0,public,Glaciology Lab NCPOR,contributor-consent-signed,streaming-outreach
ncpor-news-arctic-call,Call for Proposals for Indian Arctic Scientific Expedition 2025-26,https://ncpor.res.in/news/archive,NCPOR Secretariat,Public Domain (Government of India Notice),public,Ministry of Earth Sciences / NCPOR,verified,public-dissemination
ncpor-ds-spiti-icecore,Western Himalayan Spiti Glacier Ice Core Geochemical Profile (Preliminary),https://data.ncpor.res.in/,NCPOR Cryosphere Lab,All Rights Reserved,embargoed,NCPOR / Embargoed until 2026-12-31 per Arctic/Himalayan policy,embargo-locked,internal-curation-only
ncpor-sec-station-schematic,Maitri II Modernisation Engineering Telemetry Blueprint,https://data.ncpor.res.in/,MoES Engineering Wing,Restricted National Critical Infrastructure,restricted,MoES Strategic Facilities Group,restricted,authorized-engineering-only
